,content,id,replyCount,retweetCount,likeCount,url,date_up
0,I'm afraid climate change is going to kill me! Help!,aqdmbz,523,0,706,https://www.reddit.com/r/climatechange/comments/aqdmbz/im_afraid_climate_change_is_going_to_kill_me_help/,2019-02-14 00:22:32+00:00
1,The r/climatechange Verified User Flair Program,wu9zny,13,0,29,https://www.reddit.com/r/climatechange/comments/wu9zny/the_rclimatechange_verified_user_flair_program/,2022-08-21 20:53:23+00:00
2,"Climate news is often depressing. But as a behavioural scientist, I know I can't wallow",16qga56,21,1,49,https://www.cbc.ca/radio/first-person-climate-news-often-depressing-behavioural-scientist-1.6974647,2023-09-23 21:48:42+00:00
3,To people who think climate change will cause human extinction in the near future - why?,16q4nwt,975,0,123,https://www.reddit.com/r/climatechange/comments/16q4nwt/to_people_who_think_climate_change_will_cause/,2023-09-23 13:32:43+00:00
4,From Carbon Sink to Source: The Stark Changes in Arctic Lakes,16qsenb,0,7,1,https://e360.yale.edu/features/greenland-lakes-climate-change,2023-09-24 08:30:04+00:00
5,A Timeless Warning: Carl Sagan on Climate Change 40 Years Ago,16pjvas,168,1,737,https://serebrisky.com/2023/09/22/a-timeless-warning-carl-sagan-on-climate-change-40-years-ago/,2023-09-22 20:02:04+00:00
6,Do you think that the denial of climate change could be due to a lack of understanding about the size of the global population?,16qr4tj,15,0,1,https://www.reddit.com/r/climatechange/comments/16qr4tj/do_you_think_that_the_denial_of_climate_change/,2023-09-24 07:12:13+00:00
7,Climate in the Arctic during the past 3 decades from Sep 1993 through Aug 2023 ‚Äî The merged sea surface water temperature and land surface air temperature increase per decade was 3.45 times the global increase ‚Äî Arctic region +0.76 ¬∫C per decade ‚Äî Global region +0.22 ¬∫C per decade,16pzblx,20,0,34,https://www.ncei.noaa.gov/access/monitoring/climate-at-a-glance/global/time-series/globe/land_ocean/12/8/1850-2023?trend=true&trend_base=10&begtrendyear=1993&endtrendyear=2023&filter=true&filterType=binomial,2023-09-23 08:47:13+00:00
8,Artificial Superintelligence and the Climate Crisis,16qd76o,62,0,4,https://www.reddit.com/r/climatechange/comments/16qd76o/artificial_superintelligence_and_the_climate/,2023-09-23 19:37:14+00:00
9,"In 1856 Eunice Newton Foote theorized that carbon dioxide could affect the Earth‚Äôs temperature. She tested the impact of ‚Äúcarbonic acid gas‚Äù (the term for carbon dioxide in her day) against ‚Äúcommon air.‚Äù When placed in the sun, the cylinder with co2 trapped more heat for longer.",16poj9v,234,0,88,https://www.reddit.com/r/climatechange/comments/16poj9v/in_1856_eunice_newton_foote_theorized_that_carbon/,2023-09-22 23:13:48+00:00
10,Advice on becoming a committed engineer.,16q79fb,6,0,3,https://www.reddit.com/r/climatechange/comments/16q79fb/advice_on_becoming_a_committed_engineer/,2023-09-23 15:23:39+00:00
11,39 million homeowners face rising insurance rates as climate change makes wildfires and storms more common,16pn8bb,24,2,64,https://apnews.com/article/homeowners-insurance-climate-change-wildfire-disasters-9c7129881f12ec478386e4b47c1acbbc,2023-09-22 22:18:07+00:00
12,What is the Max CO2 recycling capacity of Earth?,16q6y03,118,0,0,https://www.reddit.com/r/climatechange/comments/16q6y03/what_is_the_max_co2_recycling_capacity_of_earth/,2023-09-23 15:10:29+00:00
13,What‚Äôs the simplest way to explain climate change to somebody?,16pn7du,124,0,15,https://www.reddit.com/r/climatechange/comments/16pn7du/whats_the_simplest_way_to_explain_climate_change/,2023-09-22 22:17:03+00:00
14,"For Many Big Food Companies, Emissions Head in the Wrong Direction",16pkq6m,10,0,15,https://www.nytimes.com/2023/09/22/business/food-companies-emissions-climate-pledges.html?unlocked_article_code=Y184cZ878RLNTnKcAU5gxtZ70GPHU9_DJzfwNGy1t-pe9MkjtZBqY8WvEgZhig-M1jp_c_Gjmr-dwYaFPCg3P7fuK4kd07hPpjsHHoOONBNMvxWZpcgcOPu_Im2_V-wBh3aQ1TKpPVGT18F8-9zoXjxU4qcEAy6M19YSFrftgAT31dslBsM06nkD0Zmo4_F5322oQB7iWbXa7Y9y2KFb23VDkItuVqle0Kzh-s03FPv64xYI21E1EB-cUQb87ty9PySpQluCh2fTBD5A_ydAkOYzt-RiA-nPJi0ej0bvm-4RrVA50ZvnTlHo7niJ_Bh51afftenm4S60f6PLeWUjh96kaE1Y9MuFEwhuhDKq0ogSMlbz&smid=re-nytimes,2023-09-22 20:37:20+00:00
15,"Over 22 000 ha (54 000 acres) of crops damaged by hailstorms and severe weather in Valencia, Spain",16p8cgm,3,0,16,https://watchers.news/2023/09/21/over-22-000-ha-54-000-acres-of-crops-damaged-by-hailstorms-and-severe-weather-in-valencia-spain/,2023-09-22 11:55:37+00:00
16,Why do people deny climate change is real?,16ojhbf,1415,2,419,https://www.reddit.com/r/climatechange/comments/16ojhbf/why_do_people_deny_climate_change_is_real/,2023-09-21 15:53:38+00:00
17,ü§î Confused about global temperature increase & climate change,16oon4p,272,0,54,https://www.reddit.com/r/climatechange/comments/16oon4p/confused_about_global_temperature_increase/,2023-09-21 19:19:55+00:00
18,Net zero by 2050? Too late. Australia must aim for 2035,16oer5e,70,2,132,https://theconversation.com/net-zero-by-2050-too-late-australia-must-aim-for-2035-213973,2023-09-21 12:34:15+00:00
19,Making the world around us better makes our lives better - not worse.,16ofg3p,99,1,77,https://www.reddit.com/r/climatechange/comments/16ofg3p/making_the_world_around_us_better_makes_our_lives/,2023-09-21 13:05:46+00:00
20,"China: Five Killed in Tornado, Further Bad Weather Expected",16oje5i,6,0,21,https://www.improvethenews.org/story/2023/china-five-killed-in-tornado-further-bad-weather-expected?p=re1609,2023-09-21 15:50:07+00:00
21,"As the Climate Changes, Pressure Is Growing to Make Buildings More Efficient",16ofnvv,2,4,19,https://www.nytimes.com/2023/09/20/realestate/building-construction-emissions-climate-change.html,2023-09-21 13:15:28+00:00
22,US Home Insurance ‚ÄòBubble‚Äô Closer to Popping as Climate Risks Mount,16nswul,66,4,402,https://www.bloomberg.com/news/articles/2023-09-20/us-home-insurance-bubble-closer-to-popping-as-climate-risks-mount?srnd=premium&leadSource=reddit_wall,2023-09-20 18:39:25+00:00
23,Scientists warn entire branches of the 'Tree of Life' are going extinct,16ngj16,318,12,1464,https://news.yahoo.com/scientists-warn-entire-branches-tree-011943508.html,2023-09-20 09:09:59+00:00
24,"Once the wetbulb (heat and humidity) temperature crosses about 35¬∞C, the air is so hot and humid that not even sweating can lower your body temperature to a safe level.",16nzesn,92,0,54,https://www.reddit.com/r/climatechange/comments/16nzesn/once_the_wetbulb_heat_and_humidity_temperature/,2023-09-20 23:00:43+00:00
25,"Increases in wildfire smoke are reversing decades of improvements to air quality in three-quarters of U.S. states, according to new research led by Stanford University and published Wednesday ‚Äî The research finds that wildfire smoke is a growing source of pollution the US is struggling to control",16o5me9,3,12,18,https://www.nbcnews.com/science/environment/wildfires-are-destroying-decades-clean-air-efforts-us-rcna105140,2023-09-21 03:48:37+00:00
26,Subterranean Living,16o5stc,25,0,15,https://www.reddit.com/r/climatechange/comments/16o5stc/subterranean_living/,2023-09-21 03:58:08+00:00
27,New Technology Removes CO2 Directly From the Ocean,16o5jym,24,1,8,https://cleanenergyrevolution.co/2023/09/20/new-technology-removes-co2-directly-from-the-ocean/,2023-09-21 03:45:08+00:00
28,"Intense Heatwaves Persist Far Longer in The Deep Ocean, Scientists Find",16nk3bg,13,1,48,https://blog.shiningscience.com/2023/09/intense-heatwaves-persist-far-longer-in.html,2023-09-20 12:30:36+00:00
29,CANARY - A film about climate science pioneer Lonnie Thompson opens nationwide TONIGHT,16nt3t2,1,0,14,https://www.reddit.com/r/climatechange/comments/16nt3t2/canary_a_film_about_climate_science_pioneer/,2023-09-20 18:47:21+00:00
30,New Technology Removes CO2 Directly From the Ocean,16nt2cx,21,1,11,https://cleanenergyrevolution.co/2023/09/20/new-technology-removes-co2-directly-from-the-ocean/,2023-09-20 18:45:42+00:00
31,Declassified Logbooks from World War II Warships to Fill Critical Gap in Climate Record,16nlxdr,2,6,15,https://e360.yale.edu/digest/us-navy-world-war-ii-weather-data-climate-change,2023-09-20 13:55:21+00:00
32,Helicopter-based observations uncover warm ocean flows toward Totten Ice Shelf in Southeast Antarctica,16nigna,4,0,21,https://phys.org/news/2023-09-helicopter-based-uncover-ocean-totten-ice.html,2023-09-20 11:07:11+00:00
33,Scientists Warn that if air temperature rises of 7.2¬∞F (4¬∞C) it could Kill Photosynthesis in Plants,16mydsh,358,3,414,https://medium.com/@chrisjeffrieshomelessromantic/new-study-scientists-warn-that-air-temperature-rises-of-7-2-f-13a205eea03c,2023-09-19 18:23:28+00:00
34,Climate Change Student,16nmn7t,164,0,9,https://www.reddit.com/r/climatechange/comments/16nmn7t/climate_change_student/,2023-09-20 14:25:45+00:00
35,It‚Äôs not just coral. Extreme heat is weakening entire marine ecosystems.,16mwllo,63,2,123,https://grist.org/extreme-heat/its-not-just-coral-extreme-heat-is-weakening-entire-marine-ecosystems-in-florida/,2023-09-19 17:09:45+00:00
36,Is there a news channel that only reports on current climate related events globally? Anyone tracking what's occurring globally and accessible to the public?,16nfezo,6,0,5,https://www.reddit.com/r/climatechange/comments/16nfezo/is_there_a_news_channel_that_only_reports_on/,2023-09-20 07:57:08+00:00
37,What are ‚Äòplanetary boundaries‚Äô and why should we care?,16n4fa8,1,1,10,https://theconversation.com/what-are-planetary-boundaries-and-why-should-we-care-213762?,2023-09-19 22:31:11+00:00
38,The impact of fire on public infrastructure,16na8s4,0,0,3,https://www.reddit.com/r/climatechange/comments/16na8s4/the_impact_of_fire_on_public_infrastructure/,2023-09-20 02:57:48+00:00
39,NASA confirms summer 2023 was Earth's hottest on record,16lv2ia,899,6,1614,https://www.space.com/nasa-2023-summer-hottest-on-record,2023-09-18 13:07:02+00:00
40,Some Politicians Want to Research Geoengineering as a Climate Solution. Scientists Are Worried,16m4e1u,230,1,481,https://time.com/6314541/overshoot-commission-calls-for-climate-geoengineering-research/,2023-09-18 19:12:49+00:00
41,It's Time to Engineer the Sky,16mzrev,59,4,0,https://www.scientificamerican.com/article/its-time-to-engineer-the-sky/,2023-09-19 19:19:46+00:00
42,What are your best ways of combatting doomerism,16lplln,352,0,120,https://www.reddit.com/r/climatechange/comments/16lplln/what_are_your_best_ways_of_combatting_doomerism/,2023-09-18 08:17:46+00:00
43,"""Climate Change in India: Unveiling the Alarming Realities and Urgent Needs""",16m6dkp,6,4,10,https://consciousnessofworld.blogspot.com/2023/09/climate-change-in-india-unveiling.html,2023-09-18 20:28:54+00:00
44,How are titanium and Iron related to the hydrological cycle?,16m8w6l,5,0,4,https://www.reddit.com/r/climatechange/comments/16m8w6l/how_are_titanium_and_iron_related_to_the/,2023-09-18 22:05:35+00:00
45,Airports adjust to climate challenges,16m4fic,1,0,5,https://www.bnnbloomberg.ca/extreme-weather-is-forcing-redesign-of-world-s-busiest-airports-1.1971783,2023-09-18 19:14:21+00:00
46,Monitoring El Nino in a warming climate,16ls7yu,7,1,15,https://www.weatherzone.com.au/news/monitoring-el-nino-in-a-warming-climate/1512801,2023-09-18 10:51:27+00:00
47,"Rare tornado touches down near the towns of Saint-Pierre-des-Landes and Ern√©e, France",16m0a5s,1,0,5,https://watchers.news/2023/09/18/rare-tornado-touches-down-near-the-towns-of-saint-pierre-des-landes-and-ernee-france/,2023-09-18 16:34:26+00:00
48,Ten countries and territories saw severe flooding in just 12 days. Is this the future of climate change? | CNN,16l1qsc,194,5,267,https://www.cnn.com/2023/09/16/world/global-rain-flooding-climate-crisis-intl-hnk/index.html,2023-09-17 14:13:11+00:00
49,Calling All Climate Change Skeptics!,16lj9p9,189,0,26,https://www.reddit.com/r/climatechange/comments/16lj9p9/calling_all_climate_change_skeptics/,2023-09-18 02:23:08+00:00
50,Gym that powers clean energy?,16lpm1g,6,0,5,https://www.reddit.com/r/climatechange/comments/16lpm1g/gym_that_powers_clean_energy/,2023-09-18 08:18:33+00:00
51,There was No Snow on the Peaks of the Rocky Mountains on 2023-09-16,16l70wr,13,0,54,https://imgur.com/a/7bCwoA0,2023-09-17 17:42:30+00:00
52,Our Renewable Future,16m0j1j,7,1,0,https://www.reddit.com/r/climatechange/comments/16m0j1j/our_renewable_future/,2023-09-18 16:44:13+00:00
53,Total energy cost using the Internet.,16lmlyk,26,0,3,https://www.reddit.com/r/climatechange/comments/16lmlyk/total_energy_cost_using_the_internet/,2023-09-18 05:18:21+00:00
54,French ski resort closes permanently because of snowfall shortage | CNN,16l1q9s,4,8,39,https://www.cnn.com/travel/france-ski-resort-closes-la-sambuy-climate-scn/index.html,2023-09-17 14:12:35+00:00
55,"Like canaries in a coalmine, dragonflies signal threats to freshwater ecosystems",16kmj4n,3,0,43,https://insideclimatenews.org/news/12092023/dragonflies-like-canaries-in-a-coal-mine-for-climate-change/?utm_source=InsideClimate+News&utm_campaign=31291b1c4e-EMAIL_CAMPAIGN_2023_09_16_01_00&utm_medium=email&utm_term=0_29c928ffb5-31291b1c4e-328545368,2023-09-17 00:16:38+00:00
56,Carbon sequestration via ocean biological pump?,16ki2lj,35,0,16,https://www.reddit.com/r/climatechange/comments/16ki2lj/carbon_sequestration_via_ocean_biological_pump/,2023-09-16 21:06:29+00:00
57,Why can't we just plant more trees without switching over to renewable energy?,16k9ndo,238,0,45,https://www.reddit.com/r/climatechange/comments/16k9ndo/why_cant_we_just_plant_more_trees_without/,2023-09-16 15:00:35+00:00
58,How is tourism going to change?,16ki10s,16,0,11,https://www.reddit.com/r/climatechange/comments/16ki10s/how_is_tourism_going_to_change/,2023-09-16 21:04:38+00:00
59,I'm curious what everyone's scientific training is here,16k0y6p,336,1,58,https://www.reddit.com/r/climatechange/comments/16k0y6p/im_curious_what_everyones_scientific_training_is/,2023-09-16 07:14:23+00:00
60,"""Climate Change in India: Unveiling the Alarming Realities and Urgent Needs"". Read this blog to find out how climate change has devastated impact on India",16k98go,2,4,10,https://consciousnessofworld.blogspot.com/2023/09/climate-change-in-india-unveiling.html,2023-09-16 14:42:47+00:00
61,Climate Change and Its Impact on Coastal Cities: What Can We Do?,16k95nn,157,1,10,https://www.reddit.com/r/climatechange/comments/16k95nn/climate_change_and_its_impact_on_coastal_cities/,2023-09-16 14:39:26+00:00
62,Massive undersea eruption filled atmosphere with water | Science | AAAS,16kc8av,8,3,6,https://www.science.org/content/article/massive-undersea-eruption-filled-atmosphere-water,2023-09-16 16:52:12+00:00
63,Sorry for the ignorant questin but,16k2061,91,0,21,https://www.reddit.com/r/climatechange/comments/16k2061/sorry_for_the_ignorant_questin_but/,2023-09-16 08:18:12+00:00
64,Cooling Systems,16kiumv,13,0,0,https://www.reddit.com/r/climatechange/comments/16kiumv/cooling_systems/,2023-09-16 21:38:29+00:00
65,"Along the marshy backroads of the mid-Atlantic, some 40,000 acres of dead trees spear the sky, an insidious symptom of climate change. Our latest news feature at Front Matter (the magazine of PNAS) explores efforts to map these ghost forests and what's at stake for coastal communities.",16jnoiu,14,3,26,https://www.pnas.org/doi/10.1073/pnas.2314607120,2023-09-15 20:18:38+00:00
66,I love cars but also want to be active about climate change,16jns64,249,0,27,https://www.reddit.com/r/climatechange/comments/16jns64/i_love_cars_but_also_want_to_be_active_about/,2023-09-15 20:22:37+00:00
67,Misinformation by climate skeptics that keeps being posted over and over. This post presents a counter argument to the claims,16iytcz,247,0,241,https://www.reddit.com/r/climatechange/comments/16iytcz/misinformation_by_climate_skeptics_that_keeps/,2023-09-15 00:33:17+00:00
68,"NOAA ‚Äî Sep 14, 2023 ‚Äî August 2023 global surface temperature ranks as warmest August in NOAA‚Äôs 174-year record ‚Äî Record-warm temps covered nearly 13% of global surface in August, highest August percentage since start of records in 1951 ‚Äî Less than 1% of world's surface had record-cold August",16j82j5,39,2,48,https://www.ncei.noaa.gov/news/global-climate-202308,2023-09-15 09:00:45+00:00
69,climate change anxiety?,16j7dxi,64,0,32,https://www.reddit.com/r/climatechange/comments/16j7dxi/climate_change_anxiety/,2023-09-15 08:16:11+00:00
70,Any experiences / ideas of how to talk to your kids about climate change? It's difficult to work out the balance between being transparent about the situation and maintaining some hope and the possibility of agency for them. Would appreciate any thoughts and experiences you are happy to share...,16j8mx0,39,0,16,https://www.reddit.com/r/climatechange/comments/16j8mx0/any_experiences_ideas_of_how_to_talk_to_your_kids/,2023-09-15 09:33:41+00:00
71,"On Sep 13, day 256, 2023, Antarctic sea ice extent was 6.541 million square miles, or 584,000 sq mi less than the Antarctic median sea ice extent on day 256 from 1981 to 2010 ‚Äî 584,000 sq mi equals 16.5%, or about 1 of every 6 sq mi of land area in the 50 U.S. states and District of Columbia",16j6d5s,13,12,24,https://nsidc.org/arcticseaicenews/charctic-interactive-sea-ice-graph/,2023-09-15 07:11:24+00:00
72,what % of GDP should be spent on climate related activity?,16jsf3l,27,0,0,https://www.reddit.com/r/climatechange/comments/16jsf3l/what_of_gdp_should_be_spent_on_climate_related/,2023-09-15 23:32:02+00:00
73,"Climate change, what is it?",16jnfjo,195,0,0,https://www.reddit.com/r/climatechange/comments/16jnfjo/climate_change_what_is_it/,2023-09-15 20:08:39+00:00
74,New Study Finds Climate Change Caused Increase in Wildfires in British Columbia Beginning in the Mid-2000s,16ip4rs,7,0,45,https://open.substack.com/pub/canadianclimateconversation/p/new-study-finds-climate-change-caused?r=1kyrup&utm_campaign=post&utm_medium=web,2023-09-14 17:55:55+00:00
75,Global Warming Cycle?,16jtlxr,219,0,0,https://www.reddit.com/r/climatechange/comments/16jtlxr/global_warming_cycle/,2023-09-16 00:28:40+00:00
76,Earth beyond six of nine planetary boundaries,16isint,6,13,19,https://www.science.org/doi/10.1126/sciadv.adh2458,2023-09-14 20:10:57+00:00
77,Does current anthropogenic CO2 emissions weigh more than all of human infrastructure?,16itym4,52,0,5,https://www.reddit.com/r/climatechange/comments/16itym4/does_current_anthropogenic_co2_emissions_weigh/,2023-09-14 21:07:16+00:00
78,'We've caused this': Climate scientists issue warning over Antarctic sea ice levels,16hlmg5,495,6,1228,https://www.abc.net.au/news/2023-09-13/climate-scientists-issue-warning-over-antarctic-sea-ice-levels/102849334,2023-09-13 12:23:26+00:00
79,"Summer 2023 was the hottest on record ‚Äì yes, it's climate change, but don't call it 'the new normal'",16i3gzb,157,3,114,https://theconversation.com/summer-2023-was-the-hottest-on-record-yes-its-climate-change-but-dont-call-it-the-new-normal-213021,2023-09-14 00:14:29+00:00
80,America's 23 Billion-Dollar Weather Disasters Set a New Record,16hv1sb,86,1,225,https://cleanenergyrevolution.co/2023/09/13/americas-23-billion-dollar-weather-disasters-set-a-new-record/,2023-09-13 18:40:08+00:00
81,"Death toll in Libya‚Äôs Derna flooding could reach 20,000: Mayor",16i6sxu,12,1,46,https://www.aljazeera.com/news/2023/9/13/libyans-search-for-families-after-catastrophic-flood-kill-thousands,2023-09-14 02:51:14+00:00
82,Libya floods: Why damage to Derna was so catastrophic,16i6taf,14,0,15,https://www.bbc.com/news/world-africa-66799518,2023-09-14 02:51:43+00:00
83,What is going to happen to Egypt in the next decades?,16i15xa,14,0,6,https://www.reddit.com/r/climatechange/comments/16i15xa/what_is_going_to_happen_to_egypt_in_the_next/,2023-09-13 22:35:33+00:00
84,Climate change ultimate fix,16httke,161,0,13,https://www.reddit.com/r/climatechange/comments/16httke/climate_change_ultimate_fix/,2023-09-13 17:53:47+00:00
85,The ‚ÄòForever‚Äô Glaciers of America‚Äôs West Aren‚Äôt Forever Anymore,16h197n,106,0,296,https://www.nytimes.com/2023/09/12/climate/mount-rainier-glaciers-climate-change.html?unlocked_article_code=yaBOM9lWRgnUnTPRglZoMew7ogbWAAkh5JEbApm0_44GXrhP4ECr2VxmCNM7yxDkj1Vjr_cSeDYE5OdPmlICPmiSTXsQ0xS0AA1aySsfZpGR2bYkSSh_K6zHQhQ34arRkiymuhh4emAZkhRWgNhucDyAcgpN2MyVpo0oocLZmZuJ3Q6-H8OhrNm5fA29m2l2vIxmTWq1h2DOvTaJh8qG6SNZf1L5_SCHOKMhgiBtj8qp5UsRS1LkZp07C7RQoL3PE5oy4RdP90DlIecvYL_GsylaguTd_YGAJc4O0ikPJJB87Shc3WbgpJOVPopjBNyKKrSJOSh7sV16Jb8Erq-kI8IrOzngLtfHl9hypFomjAQ&smid=re-nytimes,2023-09-12 19:56:05+00:00
86,"The amount of CO2 humans produce per year is the equivalent of a 24 story high being 747 engine running at takeoff speed which spews out only CO2, running 24/7",16ht619,114,0,6,https://www.reddit.com/r/climatechange/comments/16ht619/the_amount_of_co2_humans_produce_per_year_is_the/,2023-09-13 17:28:21+00:00
87,"What do you say to people who believe that the climate is changing, but don‚Äôt see it as human-caused, but rather that it is a natural cycle that the planet is going through, just like it has for millions of years?",16grmzm,798,0,199,https://www.reddit.com/r/climatechange/comments/16grmzm/what_do_you_say_to_people_who_believe_that_the/,2023-09-12 13:38:15+00:00
88,Excellent Climate Speakers,16hhxkp,9,0,1,https://www.reddit.com/r/climatechange/comments/16hhxkp/excellent_climate_speakers/,2023-09-13 08:59:56+00:00
89,job opportunities for humanities majors,16hhg22,3,0,1,https://www.reddit.com/r/climatechange/comments/16hhg22/job_opportunities_for_humanities_majors/,2023-09-13 08:29:45+00:00
90,A climate scientist wanted to start a debate in academia. He set off a bigger firestorm,16gs2tq,32,3,25,https://www.latimes.com/environment/story/2023-09-12/california-scientist-blasts-climate-change-research,2023-09-12 13:57:11+00:00
91,I'm very disturbed by the number of people who support climate engineering,16g9ehy,361,0,370,https://www.reddit.com/r/climatechange/comments/16g9ehy/im_very_disturbed_by_the_number_of_people_who/,2023-09-11 22:21:13+00:00
92,"Climate Change Hurting Water Quality in Rivers Worldwide, Study Finds",16gsjdm,0,8,17,https://e360.yale.edu/digest/climate-change-water-quality-rivers,2023-09-12 14:15:41+00:00
93,Are tree farms a better option to take co2 from the atmosphere than forests?,16gmm0t,56,0,9,https://www.reddit.com/r/climatechange/comments/16gmm0t/are_tree_farms_a_better_option_to_take_co2_from/,2023-09-12 09:23:51+00:00
94,"NOAA NCEI ‚Äî Sep 11, 2023 ‚Äî Assessing the U.S. Climate in August 2023 ‚Äî A total of 23 separate billion-dollar weather and climate disasters have been confirmed this year, the most events on record during a calendar year in the US ‚Äî The events have resulted in 253 direct and indirect fatalities",16gec2d,87,0,28,https://www.ncei.noaa.gov/news/national-climate-202308,2023-09-12 01:50:28+00:00
95,Survey on expectations towards price of planting trees and carbon offsets,16gm1yz,2,0,3,https://www.reddit.com/r/climatechange/comments/16gm1yz/survey_on_expectations_towards_price_of_planting/,2023-09-12 08:50:10+00:00
96,CANARY - A film about climate science pioneer Lonnie Thompson opens 9/15,16g1g8w,0,0,14,https://www.reddit.com/r/climatechange/comments/16g1g8w/canary_a_film_about_climate_science_pioneer/,2023-09-11 17:28:59+00:00
97,Is net-zero carbon emissions even possible?,16frfr4,183,0,15,https://www.reddit.com/r/climatechange/comments/16frfr4/is_netzero_carbon_emissions_even_possible/,2023-09-11 10:08:11+00:00
98,I'm scared,16fh2zb,491,0,36,https://www.reddit.com/r/climatechange/comments/16fh2zb/im_scared/,2023-09-11 00:41:50+00:00
99,Higher Temperatures in Socially Vulnerable US Communities Increasingly Limit Safe Use of Electric Fans for Cooling,16fctrs,59,0,53,https://agupubs.onlinelibrary.wiley.com/doi/10.1029/2023GH000809,2023-09-10 21:47:26+00:00
100,Thoughts on Hydrogen Fuel?,16fge1f,205,0,24,https://www.reddit.com/r/climatechange/comments/16fge1f/thoughts_on_hydrogen_fuel/,2023-09-11 00:11:44+00:00
101,The rogue planets causing climate change theory,16glgey,89,0,0,https://www.reddit.com/r/climatechange/comments/16glgey/the_rogue_planets_causing_climate_change_theory/,2023-09-12 08:13:06+00:00
102,"Hurricane Lee is rewriting old rules of meteorology, experts say",16ezrok,31,6,47,https://abcnews.go.com/Technology/wireStory/hurricane-lee-charting-new-weather-signal-monster-storms-103048328,2023-09-10 13:02:33+00:00
103,Geologists! Lend me your facts and figures to prove my Dad wrong!,16ekix7,375,0,35,https://www.reddit.com/r/climatechange/comments/16ekix7/geologists_lend_me_your_facts_and_figures_to/,2023-09-09 23:36:16+00:00
104,The time for geoengineering is near.,16e9kt7,289,0,89,https://www.reddit.com/r/climatechange/comments/16e9kt7/the_time_for_geoengineering_is_near/,2023-09-09 16:11:10+00:00
105,3 Feet of Rain in 4 Days: Torrential Rains Unleash Widespread Flooding in Central Greece,16e9ken,43,1,41,https://scitechdaily.com/3-feet-of-rain-in-4-days-torrential-rains-unleash-widespread-flooding-in-central-greece/,2023-09-09 16:10:44+00:00
106,Envisioning a future with climate change - Nature Climate Change,16en877,14,2,4,https://www.nature.com/articles/s41558-023-01784-4,2023-09-10 01:36:16+00:00
107,Where will it still be wet and cool?,16e8suv,111,0,25,https://www.reddit.com/r/climatechange/comments/16e8suv/where_will_it_still_be_wet_and_cool/,2023-09-09 15:39:11+00:00
108,Lack of cross-discipline dialogue about the future and climate change?,16e7ajg,20,0,6,https://www.reddit.com/r/climatechange/comments/16e7ajg/lack_of_crossdiscipline_dialogue_about_the_future/,2023-09-09 14:35:31+00:00
109,How to prepare for flooding?,16e4nht,10,0,8,https://www.reddit.com/r/climatechange/comments/16e4nht/how_to_prepare_for_flooding/,2023-09-09 12:34:44+00:00
110,Those who don‚Äôt believe in climate change‚Ä¶why?,16dh09r,1727,0,250,https://www.reddit.com/r/climatechange/comments/16dh09r/those_who_dont_believe_in_climate_changewhy/,2023-09-08 17:42:31+00:00
111,"UNFCCC first ""Global Stocktake""",16eav5g,1,0,2,https://unfccc.int/sites/default/files/resource/sb2023_09_adv.pdf,2023-09-09 17:04:12+00:00
112,By when should we expect rates of sea level rise to increase?,16dtta2,118,0,9,https://www.reddit.com/r/climatechange/comments/16dtta2/by_when_should_we_expect_rates_of_sea_level_rise/,2023-09-09 02:28:37+00:00
113,Western Australia Vs New Zealand,16e0xxx,8,0,3,https://www.reddit.com/r/climatechange/comments/16e0xxx/western_australia_vs_new_zealand/,2023-09-09 09:00:27+00:00
114,Hurricane Jova goes from a tropical storm to a Category 5 hurricane in about 48 hours,16dp5y7,5,0,17,https://www.space.com/satellite-photos-hurricane-jova-lee?utm_term=388B15E4-E416-4D3B-B2AE-B998BAFF0171&utm_campaign=58E4DE65-C57F-4CD3-9A5A-609994E2C5A9&utm_medium=email&utm_content=4A998E90-481B-4810-AC7A-C1972C99E3CD&utm_source=SmartBrief,2023-09-08 23:00:28+00:00
115,Scientists discover a way Earth's atmosphere cleans itself: Chemist helped shed light on the formation of an air-clearing molecule,16dku78,6,0,13,https://www.sciencedaily.com/releases/2023/04/230407133443.htm,2023-09-08 20:13:15+00:00
116,What thing are you noticing different around you?,16cyxig,466,0,176,https://www.reddit.com/r/climatechange/comments/16cyxig/what_thing_are_you_noticing_different_around_you/,2023-09-08 03:02:57+00:00
117,Is Climate Change really real or is Earth heating up natural?,16erf8g,224,0,0,https://www.reddit.com/r/climatechange/comments/16erf8g/is_climate_change_really_real_or_is_earth_heating/,2023-09-10 05:06:54+00:00
118,What‚Äôs the Deal With Sea Ice? | Polar Stories,16ds884,1,2,2,https://polarstories.ca/whats-the-deal-with-sea-ice-44c77e6bc955,2023-09-09 01:14:03+00:00
119,Question for school paper,16dm0se,19,0,5,https://www.reddit.com/r/climatechange/comments/16dm0se/question_for_school_paper/,2023-09-08 20:58:55+00:00
120,Does flaring and burning of natural gas cause smog?,16djxds,16,0,4,https://www.reddit.com/r/climatechange/comments/16djxds/does_flaring_and_burning_of_natural_gas_cause_smog/,2023-09-08 19:37:01+00:00
121,Article about that dumbfounding supposed scandal involving a scientist ‚Äùediting his article to fit the narrative‚Äù,16dk3xq,3,0,3,https://heatmap.news/climate/patrick-brown-nature-climate-scientist,2023-09-08 19:44:24+00:00
122,Hot Take: Climate Change itself is one giant feedback loop.,16d4lh1,37,0,28,https://www.reddit.com/r/climatechange/comments/16d4lh1/hot_take_climate_change_itself_is_one_giant/,2023-09-08 08:13:16+00:00
123,Economist Impact research shows climate change associations-including increasing heatwaves and pollen-are affecting lung health,16dewsx,3,0,3,https://mpelembe.net/index.php/finance/?rkey=20230907NY03368&filter=20259,2023-09-08 16:19:11+00:00
124,Nearly all world's population exposed to global warming over June-Sept - study,16d3v2b,15,0,16,https://www.reuters.com/business/environment/nearly-all-worlds-population-exposed-global-warming-over-june-sept-study-2023-09-08/,2023-09-08 07:27:45+00:00
125,The drought-fire-flood cycle,16d8hp9,31,9,6,https://climatewaterproject.substack.com/p/halting-our-drought-fire-flood-path#details,2023-09-08 11:52:35+00:00
126,An El Ni√±o could be declared as early as next week: This is what it looks like when it forms,16ckaqx,38,3,106,https://www.abc.net.au/news/2023-09-07/el-nino-southern-oscillation-climate-change-effects-on-australia/102788002,2023-09-07 16:29:40+00:00
127,Increased sea levels,16cx4qi,80,0,18,https://www.reddit.com/r/climatechange/comments/16cx4qi/increased_sea_levels/,2023-09-08 01:38:24+00:00
128,"California is going big on offshore wind. That‚Äôs good for climate, but not enough",16cqjbc,47,0,42,https://www.reddit.com/r/climatechange/comments/16cqjbc/california_is_going_big_on_offshore_wind_thats/,2023-09-07 21:08:21+00:00
129,Mobile App Interview,16d31wz,0,0,4,https://www.reddit.com/r/climatechange/comments/16d31wz/mobile_app_interview/,2023-09-08 06:41:57+00:00
130,Good news! Tuvalu Is NOT Sinking Beneath Rising,16dnuja,12,0,0,https://www.reddit.com/r/climatechange/comments/16dnuja/good_news_tuvalu_is_not_sinking_beneath_rising/,2023-09-08 22:08:01+00:00
131,How can I make the most impact on climate change as a future engineer?,16cwiwc,17,0,5,https://www.reddit.com/r/climatechange/comments/16cwiwc/how_can_i_make_the_most_impact_on_climate_change/,2023-09-08 01:10:45+00:00
132,What Does Climate Science have to say About Changes to The Climate Humans Can Live Within,16cd973,276,0,48,https://www.reddit.com/r/climatechange/comments/16cd973/what_does_climate_science_have_to_say_about/,2023-09-07 11:22:08+00:00
133,Sea Level Threat to Tuvalu,16ciu95,0,0,6,https://sealevel.nasa.gov/news/265/nasa-un-partnership-gauges-sea-level-threat-to-tuvalu/,2023-09-07 15:31:13+00:00
134,Big difference in hurricane frequency 1930s versus more recent times over the Atlantic.,16cqqqy,6,0,3,https://www.reddit.com/r/climatechange/comments/16cqqqy/big_difference_in_hurricane_frequency_1930s/,2023-09-07 21:16:02+00:00
135,Just spitballing...,16cueie,22,0,0,https://www.reddit.com/r/climatechange/comments/16cueie/just_spitballing/,2023-09-07 23:38:10+00:00
136,Why do climate change limits stop at 4 degrees?,16bky2w,819,0,239,https://www.reddit.com/r/climatechange/comments/16bky2w/why_do_climate_change_limits_stop_at_4_degrees/,2023-09-06 13:54:37+00:00
137,This article is making me depressed. Any hope for the future?,16c2480,75,10,18,https://macleans.ca/society/environment/canada-in-the-year-2060/,2023-09-07 01:10:46+00:00
138,Earth has just seen its hottest three-month spell on record,16bruc5,131,0,58,https://www.shiningscience.com/2023/09/earth-has-just-seen-its-hottest-three.html,2023-09-06 18:27:22+00:00
139,El Nino and Europe,16cc4my,3,0,2,https://www.reddit.com/r/climatechange/comments/16cc4my/el_nino_and_europe/,2023-09-07 10:19:14+00:00
140,"If all building roofs were painted white, and if all streets and roads were white, would more light be reflected into space and make cities cooler?",16bhdw3,102,1,92,https://www.reddit.com/r/climatechange/comments/16bhdw3/if_all_building_roofs_were_painted_white_and_if/,2023-09-06 11:10:46+00:00
141,"Climate Models Don‚Äôt include Rainforest Tipping, Permafrost Thawing, Wildfires?",16bq48t,36,0,25,https://www.reddit.com/r/climatechange/comments/16bq48t/climate_models_dont_include_rainforest_tipping/,2023-09-06 17:21:45+00:00
142,UN warns of 'climate breakdown' after record heat,16billv,46,1,49,https://www.dw.com/en/un-warns-of-climate-breakdown-after-record-heat/a-66731587,2023-09-06 12:11:49+00:00
143,Direct Air Capture (DAC) Concern,16cjk0f,12,0,0,https://www.reddit.com/r/climatechange/comments/16cjk0f/direct_air_capture_dac_concern/,2023-09-07 16:00:05+00:00
144,A Flesh-Eating Bacterium Is Creeping North as Oceans Warm - Wired,16bxxpl,0,1,3,https://www.wired.com/story/a-flesh-eating-bacterium-is-creeping-north-as-oceans-warm/,2023-09-06 22:16:08+00:00
145,This is why I'm a skeptic.,16cx869,81,0,0,https://www.reddit.com/r/climatechange/comments/16cx869/this_is_why_im_a_skeptic/,2023-09-08 01:42:49+00:00
146,New 98% Reflective White Paint Could Offset Global Warming,16bjinc,24,0,13,https://cleanenergyrevolution.co/2023/09/06/new-98-reflective-white-paint-could-offset-global-warming/,2023-09-06 12:52:49+00:00
147,Climate change is neither bad nor good. Energy technologies should compete in a fair and free market.,16d140k,63,0,0,https://www.reddit.com/r/climatechange/comments/16d140k/climate_change_is_neither_bad_nor_good_energy/,2023-09-08 04:53:48+00:00
148,"How do I respond to ""But did you know that Greenland used to be lush and fertile, practically tropical?""",16b0izm,518,0,170,https://www.reddit.com/r/climatechange/comments/16b0izm/how_do_i_respond_to_but_did_you_know_that/,2023-09-05 21:18:23+00:00
149,Why do we keep hearing about +1.5¬∞ and not +10%,16bhiju,24,0,11,https://www.reddit.com/r/climatechange/comments/16bhiju/why_do_we_keep_hearing_about_15_and_not_10/,2023-09-06 11:17:34+00:00
150,Where can I find un opinionated articles/research about how the U.S. gov is dealing with climate change?,16bvjqh,14,0,1,https://www.reddit.com/r/climatechange/comments/16bvjqh/where_can_i_find_un_opinionated_articlesresearch/,2023-09-06 20:46:44+00:00
151,"Severe flash floods hit Istanbul, leaving 2 people dead and 5 injured, Turkey",16be0zh,2,0,7,https://watchers.news/2023/09/06/severe-flash-floods-hit-istanbul-leaving-2-people-dead-and-5-injured-turkey/,2023-09-06 07:51:10+00:00
152,Climate change has boosted the risk of wildfire growth in California by 25 percent,16b4vt3,8,1,20,https://www.latimes.com/california/story/2023-09-04/climate-change-boosts-california-wildfire-risk-by-25?utm_id=110209&sfmc_id=478576&skey_id=24990b46e70035616bfe36fd71daabf614b5b23e0fb60d3b52205c1398eb8085,2023-09-06 00:06:36+00:00
153,Washington Post: Climate-Linked Ills Threaten Humanity,16b8ezk,3,0,11,https://www.reddit.com/r/climatechange/comments/16b8ezk/washington_post_climatelinked_ills_threaten/,2023-09-06 02:43:24+00:00
154,IPBES Invasive Alien Species Assessment,16bl6s1,3,0,0,https://www.ipbes.net/IASmediarelease,2023-09-06 14:04:45+00:00
155,The appallingly bad neoclassical economics of climate change,16bwexf,0,0,0,https://www.patreon.com/posts/permanent-link-71170593,2023-09-06 21:18:55+00:00
156,"Canada is burning! Quebec weather: new ""absolute"" heat record for September",16b5xgn,0,2,11,https://www.journaldemontreal.com/2023/09/05/meteo-au-quebec-nouveau-record-de-chaleur-absolu-pour-un-mois-de-septembre,2023-09-06 00:51:10+00:00
157,Finding a Climate Change Community of Friends,16ay143,28,0,19,https://www.reddit.com/r/climatechange/comments/16ay143/finding_a_climate_change_community_of_friends/,2023-09-05 19:47:08+00:00
158,Why many activists or even generally people worried about climate change do not follow a plant-based diet considering the sustainability of it?,16am786,282,0,51,https://www.reddit.com/r/climatechange/comments/16am786/why_many_activists_or_even_generally_people/,2023-09-05 11:56:04+00:00
159,What are the odds a giant volcano erupts and cools the planet?,16b3z80,33,0,4,https://www.reddit.com/r/climatechange/comments/16b3z80/what_are_the_odds_a_giant_volcano_erupts_and/,2023-09-05 23:28:45+00:00
160,Are we as a species screwed?,16a9bcg,1064,0,175,https://www.reddit.com/r/climatechange/comments/16a9bcg/are_we_as_a_species_screwed/,2023-09-05 00:37:10+00:00
161,Crazy idea just crazy enough to work.,16as6qn,53,0,11,https://www.reddit.com/r/climatechange/comments/16as6qn/crazy_idea_just_crazy_enough_to_work/,2023-09-05 16:03:29+00:00
162,A new satellite that tracks air pollution has released its first images,16b3qsc,1,0,2,https://www.smithsonianmag.com/smart-news/new-satellite-tracking-air-pollution-releases-its-first-images-180982840/?utm_source=smithsoniandaily&utm_medium=email&utm_campaign=editorial&spMailingID=48740340&spUserID=ODcyNjc0Njc3OTc4S0&spJobID=2540614014&spReportId=MjU0MDYxNDAxNAS2,2023-09-05 23:19:20+00:00
163,Looking for a Climate Change charity,16ascro,4,0,6,https://www.reddit.com/r/climatechange/comments/16ascro/looking_for_a_climate_change_charity/,2023-09-05 16:10:00+00:00
164,"as an IT guy, i want to help combat climate change. what can I do?",16ah5q6,119,0,27,https://www.reddit.com/r/climatechange/comments/16ah5q6/as_an_it_guy_i_want_to_help_combat_climate_change/,2023-09-05 07:11:43+00:00
165,Dangerous heat wave hits eastern US: Latest forecast,16at68i,0,1,3,https://abcnews.go.com/US/dangerous-heat-wave-hits-eastern-us-latest-forecast/story?id=102926193,2023-09-05 16:41:13+00:00
166,I Left Out the Full Truth to Get My Climate Change Paper Published,16awd3h,41,18,0,https://www.thefp.com/p/i-overhyped-climate-change-to-get-published,2023-09-05 18:43:36+00:00
167,"The ghosts of Antarctica will haunt the end of the world: As climate change threatens to upend the icy kingdom, we're writing ghost stories in real time",16adplz,8,0,13,https://www.cnet.com/science/climate/features/the-ghosts-of-antarctica-will-haunt-the-end-of-the-world/,2023-09-05 04:04:30+00:00
168,Any study or projection of how much (if any) carbon dioxide removal (CDR) is necessary to stay below +3C or +4C warming?,16atwb1,14,0,0,https://www.reddit.com/r/climatechange/comments/16atwb1/any_study_or_projection_of_how_much_if_any_carbon/,2023-09-05 17:09:05+00:00
169,One of the Most Effective Solutions to Deal with Climate Change Ft. Beth & Steven McDaniel,16apjgt,0,0,0,https://www.purplepoliticalbreakdown.com/44-one-of-the-most-effective-solutions-to-deal-with-climate-change-ft-beth-steven-mcdaniel/,2023-09-05 14:18:55+00:00
170,Aliens Cause Global Warming by Michael Crichton,16akl4t,36,2,0,https://stephenschneider.stanford.edu/Publications/PDF_Papers/Crichton2003.pdf,2023-09-05 10:31:35+00:00
171,How do scientists *know* that bad things will happen due to rapid climate change?,1696meg,1099,0,406,https://www.reddit.com/r/climatechange/comments/1696meg/how_do_scientists_know_that_bad_things_will/,2023-09-03 19:58:47+00:00
172,"Will it be safe to live in Berkeley, California for the next few decades?",16a8bp2,34,0,2,https://www.reddit.com/r/climatechange/comments/16a8bp2/will_it_be_safe_to_live_in_berkeley_california/,2023-09-04 23:53:43+00:00
173,Past climate - carbon correlation question.,169tfg4,36,0,9,https://www.reddit.com/r/climatechange/comments/169tfg4/past_climate_carbon_correlation_question/,2023-09-04 14:26:56+00:00
174,Residence Time vs. Adjustment Time of Carbon Dioxide in the Atmosphere,16a64bt,121,0,0,https://www.researchgate.net/publication/368683234_Residence_Time_vs_Adjustment_Time_of_Carbon_Dioxide_in_the_Atmosphere,2023-09-04 22:23:54+00:00
175,Lake Titicaca - the world's highest navigable lake is drying out,169kqil,1,1,17,https://www.cnn.com/2023/09/03/americas/lake-titicaca-water-levels-intl/index.html,2023-09-04 06:54:59+00:00
176,Trends in Global Tropical Cyclone Activity: 1990‚Äì2021,169lszk,3,0,8,https://agupubs.onlinelibrary.wiley.com/doi/10.1029/2021GL095774,2023-09-04 07:54:32+00:00
177,What is a difference between definition of climate change risk in IPCC AR 5 and AR 6?,169qaqk,1,0,3,https://www.reddit.com/r/climatechange/comments/169qaqk/what_is_a_difference_between_definition_of/,2023-09-04 12:08:19+00:00
178,Environmental knowledge is inversely associated with climate change anxiety,168ka71,75,3,78,https://link.springer.com/article/10.1007/s10584-023-03518-z,2023-09-03 01:47:27+00:00
179,Sea level rise,168j503,18,0,22,https://www.reddit.com/r/climatechange/comments/168j503/sea_level_rise/,2023-09-03 00:51:07+00:00
180,So if it's getting hotter won't we get more rain?,168fwt9,59,0,33,https://www.reddit.com/r/climatechange/comments/168fwt9/so_if_its_getting_hotter_wont_we_get_more_rain/,2023-09-02 22:29:46+00:00
181,Study suggests rise in global photosynthesis rate due to increase in carbon dioxide has slowed,168jopl,28,0,17,https://phys.org/news/2023-08-global-photosynthesis-due-carbon-dioxide,2023-09-03 01:17:26+00:00
182,Rate this climate change argument,168gka7,105,0,27,https://www.reddit.com/r/climatechange/comments/168gka7/rate_this_climate_change_argument/,2023-09-02 22:57:15+00:00
183,Warmer seas put sea turtles on a collision course with humans,168f6cn,2,0,6,https://insideclimatenews.org/news/31082023/cape-cod-threatened-turtles/?utm_source=InsideClimate+News&utm_campaign=487a7f070e-EMAIL_CAMPAIGN_2023_09_02_01_00&utm_medium=email&utm_term=0_29c928ffb5-487a7f070e-328545368,2023-09-02 21:59:52+00:00
184,Mitigating the Rise in CO2,1688eel,28,0,10,https://www.reddit.com/r/climatechange/comments/1688eel/mitigating_the_rise_in_co2/,2023-09-02 17:29:12+00:00
185,Does forests transpiring water cool the planet?,168jxzv,2,1,2,https://climatewaterproject.substack.com/p/carbon-warming-water-cooling,2023-09-03 01:30:24+00:00
186,What will Happen to Hot wealthy Countries?,168bcya,31,0,6,https://www.reddit.com/r/climatechange/comments/168bcya/what_will_happen_to_hot_wealthy_countries/,2023-09-02 19:26:49+00:00
187,On Sea-Level Change in Coastal Areas,168gxpw,5,0,2,https://www.mdpi.com/2077-1312/10/12/1871#metrics,2023-09-02 23:12:17+00:00
188,The summer food went weird: searing heat reshapes US food production,168503j,1,11,7,https://www.theguardian.com/environment/2023/sep/02/farming-food-supply-climate-change-drought-rain,2023-09-02 15:12:38+00:00
189,Coral Reef Friends,167ym8s,29,0,2,https://www.reddit.com/r/climatechange/comments/167ym8s/coral_reef_friends/,2023-09-02 10:05:57+00:00
190,Australia experiences its warmest winter since national records began in 1910,16760q0,25,3,94,https://www.abc.net.au/news/2023-09-01/bom-confirms-australia-s-warmest-winter-on-record/102804760,2023-09-01 12:39:49+00:00
191,2023 proves to be a another climate wake-up call,1675eal,109,1,95,https://innovationorigins.com/en/2023-proves-to-be-a-another-climate-wake-up-call/,2023-09-01 12:10:51+00:00
192,How can I respond to my friends that say climate change isn‚Äôt real?,166sb73,703,1,212,https://www.reddit.com/r/climatechange/comments/166sb73/how_can_i_respond_to_my_friends_that_say_climate/,2023-09-01 00:35:30+00:00
193,NASA ‚Äî Evidence ‚Äî How Do We Know Climate Change Is Real? ‚Äî There is unequivocal evidence that Earth is warming at an unprecedented rate. Human activity is the principal cause,166w4bk,45,19,84,https://climate.nasa.gov/evidence/,2023-09-01 03:33:32+00:00
194,Where did the heat energy go?,1679c5j,46,0,6,https://www.reddit.com/r/climatechange/comments/1679c5j/where_did_the_heat_energy_go/,2023-09-01 14:53:40+00:00
195,"Nobel Winner Joins 1,600 Scientists Disputing Climate 'Emergency'",168kdyx,148,3,0,https://thefederalist.com/2023/09/01/second-nobel-prize-winner-signs-letter-with-1600-scientists-declaring-climate-emergency-a-myth/,2023-09-03 01:52:53+00:00
196,Australia's warmest winter on record,16721m4,2,1,12,https://www.weatherzone.com.au/news/australias-warmest-winter-on-record/1480359,2023-09-01 09:11:19+00:00
197,I know nothing about climate change,166xhdy,37,0,18,https://www.reddit.com/r/climatechange/comments/166xhdy/i_know_nothing_about_climate_change/,2023-09-01 04:43:36+00:00
198,Every Skeptics Argument on Climate Change and the science to disprove it,166lizu,85,1,66,https://www.reddit.com/r/climatechange/comments/166lizu/every_skeptics_argument_on_climate_change_and_the/,2023-08-31 20:08:40+00:00
199,Why do day temperatures rise faster than night temperatures?,167ciuq,4,0,1,https://www.reddit.com/r/climatechange/comments/167ciuq/why_do_day_temperatures_rise_faster_than_night/,2023-09-01 16:54:54+00:00
